{
  "n": 5185,
  "n_bins": 10,
  "models": {
    "base_cot": {
      "brier": 0.16808121142719382,
      "ece": 0.06873722275795566,
      "mce": 0.14927051671732516,
      "acc": 0.7556412729026036,
      "reliability": 0.006220045179975242,
      "resolution": 0.08751599941986307,
      "uncertainty": 0.24980984201701928,
      "brier_ci": [
        0.16256403833172614,
        0.17360055502651878
      ],
      "ece_ci": [
        0.058674843297974955,
        0.08004872227579561
      ],
      "coverage": 1.0
    },
    "base_direct": {
      "brier": 0.20570796528447446,
      "ece": 0.05686788813886204,
      "mce": 0.2539473684210526,
      "acc": 0.6441658630665381,
      "reliability": 0.004608151593748235,
      "resolution": 0.03876587106030874,
      "uncertainty": 0.24980984201701928,
      "brier_ci": [
        0.2015542512054002,
        0.2097738828351013
      ],
      "ece_ci": [
        0.04555125361620051,
        0.06966610414657654
      ],
      "coverage": 1.0
    },
    "ws1": {
      "brier": 0.1442794406943105,
      "ece": 0.029155255544840906,
      "mce": 0.05963833634719695,
      "acc": 0.7843780135004822,
      "reliability": 0.0011748175853169987,
      "resolution": 0.10575969550262926,
      "uncertainty": 0.24980984201701928,
      "brier_ci": [
        0.1394214551591128,
        0.14911786740597877
      ],
      "ece_ci": [
        0.022345178399228584,
        0.040536403085824506
      ],
      "coverage": 1.0
    },
    "ws2": {
      "brier": 0.15216877531340406,
      "ece": 0.029274831243973034,
      "mce": 0.068448883666275,
      "acc": 0.7768563162970106,
      "reliability": 0.0014575268049885582,
      "resolution": 0.09863537220015524,
      "uncertainty": 0.24980984201701928,
      "brier_ci": [
        0.14660992864030858,
        0.15772213693346193
      ],
      "ece_ci": [
        0.022732883317261338,
        0.04125959498553519
      ],
      "coverage": 1.0
    },
    "deepseek": {
      "brier": 0.1438219502873674,
      "ece": 0.04295510125361619,
      "mce": 0.07157931034482756,
      "acc": 0.7899710703953713,
      "reliability": 0.002426546709241986,
      "resolution": 0.10775506904588322,
      "uncertainty": 0.24980984201701928,
      "brier_ci": [
        0.1392115435559306,
        0.14834436246986502
      ],
      "ece_ci": [
        0.03478877000964319,
        0.05344077290260362
      ],
      "coverage": 1.0
    },
    "teacher": {
      "brier": 0.14321122185641275,
      "ece": 0.04371508775313403,
      "mce": 0.09927787356321838,
      "acc": 0.7828351012536162,
      "reliability": 0.002395716607937748,
      "resolution": 0.1082782407538158,
      "uncertainty": 0.24980984201701928,
      "brier_ci": [
        0.13843239676018562,
        0.14804544911967116
      ],
      "ece_ci": [
        0.0349324348601736,
        0.053837332931533304
      ],
      "coverage": 1.0
    },
    "vegas": {
      "brier": 0.13550706524999254,
      "ece": 0.02725874572527239,
      "mce": 0.08237839972271643,
      "acc": 0.7988428158148505,
      "reliability": 0.001249499749010532,
      "resolution": 0.1148151376893149,
      "uncertainty": 0.24980984201701928,
      "brier_ci": [
        0.13072208915208375,
        0.14028170967905992
      ],
      "ece_ci": [
        0.02267097003582285,
        0.038827667625869124
      ],
      "coverage": 1.0
    }
  },
  "paired_brier": {
    "ws1_vs_ws2": {
      "delta": -0.007889334619093538,
      "lo": -0.01009591899710704,
      "hi": -0.005693025072324012,
      "sig": true
    },
    "ws1_vs_vegas": {
      "delta": 0.008772375444317991,
      "lo": 0.00682192814592525,
      "hi": 0.01072098697872071,
      "sig": true
    },
    "ws2_vs_vegas": {
      "delta": 0.01666171006341153,
      "lo": 0.013983743046639739,
      "hi": 0.019416637466556724,
      "sig": true
    },
    "ws1_vs_deepseek": {
      "delta": 0.00045749040694310374,
      "lo": -0.001916164929652846,
      "hi": 0.0028363834736258413,
      "sig": false
    },
    "deepseek_vs_vegas": {
      "delta": 0.008314885037374887,
      "lo": 0.006429524227868733,
      "hi": 0.010181098522865297,
      "sig": true
    }
  },
  "faithfulness": {
    "base": {
      "rate": 0.224,
      "lo": 0.176,
      "hi": 0.276,
      "n": 250
    },
    "v9": {
      "rate": 0.188,
      "lo": 0.144,
      "hi": 0.236,
      "n": 250
    },
    "v6": {
      "rate": 0.14,
      "lo": 0.1,
      "hi": 0.184,
      "n": 250
    },
    "basemask": {
      "rate": 0.068,
      "lo": 0.04,
      "hi": 0.096,
      "n": 250
    },
    "ws2": {
      "rate": 0.044,
      "lo": 0.02,
      "hi": 0.072,
      "n": 250
    }
  },
  "ceiling": {
    "coarse_phat": {
      "name": "Coarse $\\hat{p}$ (our reward)",
      "brier": 0.14321122185641275,
      "ece": 0.04371508775313403
    },
    "nflverse": {
      "name": "nflverse WP model",
      "brier": 0.15617867850643796,
      "ece": 0.018801198836584754
    },
    "gbm": {
      "name": "GBM, all features",
      "brier": 0.15840236614333167,
      "ece": 0.0259513706528071
    },
    "ws1": {
      "name": "Direct RLVR (ours)",
      "brier": 0.1442794406943105,
      "ece": 0.029155255544840906
    },
    "vegas": {
      "name": "Betting market",
      "brier": 0.13550706524999254,
      "ece": 0.02725874572527239
    }
  }
}